experiment,pretrained,optimizer,accuracy,precision,recall,f1
pretrained_adam,True,adam,0.7876472460999682,0.795680582523346,0.7841959595680237,0.7818000912666321
pretrained_radam,True,radam,0.7771410378860235,0.7859789729118347,0.7717062830924988,0.7709594964981079
scratch_adam,False,adam,0.0655842088506845,0.05557667464017868,0.060999058187007904,0.043220583349466324
